﻿<?xml version="1.0" encoding="utf-8"?>
<!--
  Babel map file.
  Generated by Babel Obfuscator version: 10.5.0.0
  Copyright © 2010-2024 babelfor.NET. All rights reserved.
-->
<BabelMap version="2.5" newNameEncoding="base64">
  <TargetAssembly fullName="common, Version=1.0.0.0, Culture=neutral, PublicKeyToken=null" randomSeed="66c0a6a819cbb90f" mvid="f27c9afb-4086-4d2b-b684-b364d3331bcb" newMvid="fb8c7b05-b94d-1674-9304-82cb790bf3b6">
    <Namespace name="">
      <Class id="c1" name="&lt;Module&gt;" access="assembly" />
      <Class id="c3" name="" access="assembly" isBabelGenerated="true" isSealed="true" newName="AOAxAA==" newFullName="AOAxAA==">
        <Field id="f4" name="" type="System.String" access="private" isStatic="true" isBabelGenerated="true" newName="AOA=" />
        <Field id="f5" name="" type="/" access="private" isStatic="true" isBabelGenerated="true" newName="AeA=" />
        <Method id="m9" name=".cctor" access="private" isStatic="true" isBabelGenerated="true">
          <ReturnType type="System.Void" />
        </Method>
        <Method id="m10" name="" access="public" isStatic="true" isBabelGenerated="true" newName="AOA=">
          <ReturnType type="System.String" />
          <Parameters>
            <Parameter name="key" type="System.Int32" newName="AOA=" />
          </Parameters>
        </Method>
        <Method id="m11" name="" access="public" isStatic="true" isBabelGenerated="true" newName="AeA=">
          <ReturnType type="System.String" />
          <Parameters>
            <Parameter name="key" type="System.Int32" newName="AOA=" />
          </Parameters>
        </Method>
        <Method id="m12" name=".ctor" access="public" isBabelGenerated="true">
          <ReturnType type="System.Void" />
        </Method>
        <Class id="c4" name="" access="private" isBabelGenerated="true" isSealed="true" newName="AOA=" newFullName="AOAxAC8AAOA=">
          <Method id="m13" name=".ctor" access="public" isBabelGenerated="true">
            <ReturnType type="System.Void" />
            <Parameters>
              <Parameter name="" type="System.Object" />
              <Parameter name="" type="System.IntPtr" />
            </Parameters>
          </Method>
          <Method id="m14" name="Invoke" access="public" isVirtual="true" isNewSlot="true" isBabelGenerated="true">
            <ReturnType type="System.String" />
            <Parameters>
              <Parameter name="" type="System.Int32" />
            </Parameters>
          </Method>
          <Method id="m15" name="BeginInvoke" access="public" isVirtual="true" isNewSlot="true" isBabelGenerated="true">
            <ReturnType type="System.IAsyncResult" />
            <Parameters>
              <Parameter name="" type="System.Int32" />
              <Parameter name="" type="System.AsyncCallback" />
              <Parameter name="" type="System.Object" />
            </Parameters>
          </Method>
          <Method id="m16" name="EndInvoke" access="public" isVirtual="true" isNewSlot="true" isBabelGenerated="true">
            <ReturnType type="System.String" />
            <Parameters>
              <Parameter name="" type="System.IAsyncResult" />
            </Parameters>
          </Method>
        </Class>
        <Class id="c5" name="" access="private" isBabelGenerated="true" isSealed="true" newName="AeA=" newFullName="AOAxAC8AAeA=">
          <Method id="m17" name="" access="public" isBabelGenerated="true" newName="AOA=">
            <ReturnType type="System.Reflection.Emit.MethodBuilder" />
            <Parameters>
              <Parameter name="" type="System.Reflection.Emit.TypeBuilder" />
            </Parameters>
          </Method>
          <Method id="m18" name="" access="public" isBabelGenerated="true" newName="AeA=">
            <ReturnType type="System.String" />
            <Parameters>
              <Parameter name="" type="System.IO.Stream" />
            </Parameters>
          </Method>
          <Method id="m19" name=".ctor" access="public" isBabelGenerated="true">
            <ReturnType type="System.Void" />
          </Method>
          <Method id="m20" name=".cctor" access="private" isStatic="true" isBabelGenerated="true">
            <ReturnType type="System.Void" />
          </Method>
        </Class>
        <Struct id="s1" name="" access="private" isBabelGenerated="true" isSealed="true" newName="AeA=" newFullName="AOAvAAHg">
          <Field id="f14" name="" type="" access="assembly" isBabelGenerated="true" newName="AOA=" />
          <Field id="f15" name="" type="System.UInt16" access="assembly" isBabelGenerated="true" newName="AeA=" />
        </Struct>
      </Class>
      <Class id="c6" name="" access="assembly" isBabelGenerated="true" newName="AuA=" newFullName="AuA=">
        <Field id="f16" name="" type="System.Int32[]" access="private" isBabelGenerated="true" newName="AOA=" />
        <Field id="f17" name="" type="System.Int32" access="private" isBabelGenerated="true" newName="AeA=" />
        <Method id="m41" name=".ctor" access="public" isBabelGenerated="true">
          <ReturnType type="System.Void" />
        </Method>
        <Method id="m42" name="" access="public" isBabelGenerated="true" newName="AOA=">
          <ReturnType type="System.Int32" />
          <Parameters>
            <Parameter name="" type="System.Int32" />
          </Parameters>
        </Method>
        <Method id="m43" name="" access="public" isBabelGenerated="true" newName="AeA=">
          <ReturnType type="System.Int32[]" />
        </Method>
        <Property id="p4" name="" type="System.Int32" isBabelGenerated="true" newName="AuA=">
          <Get id="m44" name="get_" access="public" isBabelGenerated="true" newName="ZwBlAHQAXwAC4A==">
            <ReturnType type="System.Int32" />
          </Get>
        </Property>
        <Property id="p5" name="" type="System.Int32" isBabelGenerated="true" newName="A+A=">
          <Parameters>
            <Parameter name="index" type="System.Int32" />
          </Parameters>
          <Get id="m45" name="get_" access="public" isBabelGenerated="true" newName="ZwBlAHQAXwAD4A==">
            <ReturnType type="System.Int32" />
            <Parameters>
              <Parameter name="index" type="System.Int32" />
            </Parameters>
          </Get>
        </Property>
      </Class>
      <Struct id="s2" name="" access="assembly" isBabelGenerated="true" isSealed="true" newName="A+A=" newFullName="A+A=">
        <Field id="f18" name="" type="System.Int32" access="public" isBabelGenerated="true" newName="AOA=" />
        <Field id="f19" name="" type="System.Int32" access="public" isBabelGenerated="true" newName="AeA=" />
      </Struct>
      <Class id="c7" name="" access="assembly" isBabelGenerated="true" isSealed="true" newName="BOA=" newFullName="BOA=">
        <Field id="f20" name="" type="System.Boolean" access="assembly" isBabelGenerated="true" newName="AOA=" />
        <Field id="f21" name="" type="System.UInt16" access="assembly" isBabelGenerated="true" newName="AeA=" />
        <Field id="f22" name="" type="" access="assembly" isBabelGenerated="true" newName="AuA=" />
        <Field id="f23" name="" type="" access="assembly" isBabelGenerated="true" newName="A+A=" />
        <Method id="m46" name=".ctor" access="public" isBabelGenerated="true">
          <ReturnType type="System.Void" />
        </Method>
      </Class>
      <Class id="c8" name="" access="assembly" isBabelGenerated="true" isSealed="true" newName="BeA=" newFullName="BeA=">
        <Field id="f24" name="" type="" access="assembly" isBabelGenerated="true" newName="AOA=" />
        <Field id="f25" name="" type="" access="assembly" isBabelGenerated="true" newName="AeA=" />
        <Method id="m47" name=".ctor" access="public" isBabelGenerated="true">
          <ReturnType type="System.Void" />
        </Method>
      </Class>
      <Class id="c9" name="" access="assembly" isBabelGenerated="true" isSealed="true" newName="BuA=" newFullName="BuA=">
        <Method id="m48" name="" access="public" isStatic="true" isBabelGenerated="true" newName="AOA=">
          <ReturnType type="System.Void" />
          <Parameters>
            <Parameter name="source" type="System.IO.Stream" newName="AOA=" />
            <Parameter name="destination" type="System.IO.Stream" newName="AeA=" />
          </Parameters>
        </Method>
        <Method id="m49" name=".ctor" access="public" isBabelGenerated="true">
          <ReturnType type="System.Void" />
        </Method>
        <Class id="c10" name="" access="public" isBabelGenerated="true" isSealed="true" newName="AOA=" newFullName="BuAvAADg">
          <Field id="f26" name="" type="/" access="private" isBabelGenerated="true" newName="AOA=" />
          <Field id="f27" name="" type="/" access="private" isBabelGenerated="true" newName="AeA=" />
          <Field id="f28" name="" type="" access="private" isBabelGenerated="true" newName="AuA=" />
          <Field id="f29" name="" type="System.Int32" access="private" isBabelGenerated="true" newName="A+A=" />
          <Field id="f30" name="" type="System.Int32" access="private" isBabelGenerated="true" newName="BOA=" />
          <Field id="f31" name="" type="System.Boolean" access="private" isBabelGenerated="true" newName="BeA=" />
          <Field id="f32" name="" type="System.Int32" access="private" isBabelGenerated="true" newName="BuA=" />
          <Field id="f33" name="" type="System.Int64" access="private" isBabelGenerated="true" newName="B+A=" />
          <Field id="f34" name="" type="System.Int64" access="private" isBabelGenerated="true" newName="COA=" />
          <Field id="f35" name="" type="System.Boolean" access="private" isBabelGenerated="true" newName="CeA=" />
          <Field id="f36" name="" type="System.Int32" access="private" isBabelGenerated="true" newName="CuA=" />
          <Field id="f37" name="" type="System.Boolean" access="private" isBabelGenerated="true" newName="C+A=" />
          <Method id="m50" name=".ctor" access="public" isBabelGenerated="true">
            <ReturnType type="System.Void" />
            <Parameters>
              <Parameter name="input" type="System.IO.Stream" newName="AOA=" />
            </Parameters>
          </Method>
          <Method id="m51" name="" access="public" isBabelGenerated="true" newName="AOA=">
            <ReturnType type="System.Int32" />
            <Parameters>
              <Parameter name="data" type="System.Byte[]" newName="AOA=" />
              <Parameter name="index" type="System.Int32" newName="AeA=" />
              <Parameter name="length" type="System.Int32" newName="AuA=" />
            </Parameters>
          </Method>
          <Method id="m52" name="" access="private" isBabelGenerated="true" newName="AeA=">
            <ReturnType type="System.Boolean" />
          </Method>
          <Method id="m53" name="" access="private" isBabelGenerated="true" newName="AuA=">
            <ReturnType type="System.Int32" />
            <Parameters>
              <Parameter name="" type="System.Byte[]" />
              <Parameter name="" type="System.Int32" />
              <Parameter name="" type="System.Int32" />
            </Parameters>
          </Method>
          <Method id="m54" name="" access="private" isBabelGenerated="true" newName="A+A=">
            <ReturnType type="System.Void" />
            <Parameters>
              <Parameter name="" type="System.Byte[]" />
              <Parameter name="" type="System.Int32&amp;" isRef="true" />
              <Parameter name="" type="System.Int32&amp;" isRef="true" />
            </Parameters>
          </Method>
          <Method id="m55" name="" access="public" isBabelGenerated="true" newName="BOA=">
            <ReturnType type="System.Boolean" />
            <Parameters>
              <Parameter name="count" type="System.Int32" newName="AOA=" />
            </Parameters>
          </Method>
          <Method id="m56" name="" access="public" isBabelGenerated="true" newName="BeA=">
            <ReturnType type="System.Void" />
          </Method>
          <Method id="m57" name="" access="private" isStatic="true" isBabelGenerated="true" newName="BuA=">
            <ReturnType type="System.Int32" />
            <Parameters>
              <Parameter name="" type="/" />
              <Parameter name="" type="" />
            </Parameters>
          </Method>
          <Method id="m58" name="" access="private" isStatic="true" isBabelGenerated="true" newName="B+A=">
            <ReturnType type="System.Int32" />
            <Parameters>
              <Parameter name="" type="/" />
              <Parameter name="" type="System.Int32" />
            </Parameters>
          </Method>
          <Method id="m59" name="" access="private" isStatic="true" isBabelGenerated="true" newName="COA=">
            <ReturnType type="System.Int32" />
            <Parameters>
              <Parameter name="" type="/" />
              <Parameter name="" type="" />
            </Parameters>
          </Method>
          <Method id="m60" name="" access="private" isBabelGenerated="true" newName="CeA=">
            <ReturnType type="System.Void" />
            <Parameters>
              <Parameter name="" type="/" />
              <Parameter name="" type="[]&amp;" isRef="true" isOut="true" />
              <Parameter name="" type="[]&amp;" isRef="true" isOut="true" />
            </Parameters>
          </Method>
          <Method id="m61" name="" access="private" isStatic="true" isBabelGenerated="true" newName="CuA=">
            <ReturnType type="System.Int32[]" />
            <Parameters>
              <Parameter name="" type="/" />
              <Parameter name="" type="" />
              <Parameter name="" type="System.Int32" />
            </Parameters>
          </Method>
        </Class>
        <Class id="c11" name="" access="private" isBabelGenerated="true" isSealed="true" newName="AeA=" newFullName="BuAvAAHg">
          <Field id="f38" name="" type="System.UInt32" access="private" isBabelGenerated="true" newName="AOA=" />
          <Field id="f39" name="" type="System.Int32" access="private" isBabelGenerated="true" newName="AeA=" />
          <Field id="f40" name="" type="System.Int32" access="private" isBabelGenerated="true" newName="AuA=" />
          <Field id="f41" name="" type="System.IO.Stream" access="private" isBabelGenerated="true" newName="A+A=" />
          <Field id="f42" name="" type="System.Int64" access="assembly" isBabelGenerated="true" newName="BOA=" />
          <Method id="m62" name=".ctor" access="internal" isBabelGenerated="true">
            <ReturnType type="System.Void" />
            <Parameters>
              <Parameter name="" type="System.IO.Stream" />
            </Parameters>
          </Method>
          <Method id="m63" name="" access="internal" isBabelGenerated="true" newName="AOA=">
            <ReturnType type="System.Int32" />
            <Parameters>
              <Parameter name="" type="System.Int32" />
            </Parameters>
          </Method>
          <Method id="m64" name="" access="internal" isBabelGenerated="true" newName="AeA=">
            <ReturnType type="System.Void" />
          </Method>
          <Method id="m65" name="" access="internal" isBabelGenerated="true" newName="AuA=">
            <ReturnType type="System.Void" />
            <Parameters>
              <Parameter name="" type="System.Byte[]" />
              <Parameter name="" type="System.Int32" />
              <Parameter name="" type="System.Int32" />
            </Parameters>
          </Method>
        </Class>
        <Class id="c12" name="" access="private" isBabelGenerated="true" isSealed="true" newName="AuA=" newFullName="BuAvAALg">
          <Field id="f43" name="" type="System.Byte[]" access="private" isBabelGenerated="true" newName="AOA=" />
          <Field id="f44" name="" type="System.Int32" access="private" isBabelGenerated="true" newName="AeA=" />
          <Field id="f45" name="" type="System.Int32" access="assembly" isBabelGenerated="true" newName="AuA=" />
          <Field id="f46" name="" type="System.Int64" access="assembly" isBabelGenerated="true" newName="A+A=" />
          <Method id="m66" name=".ctor" access="internal" isBabelGenerated="true">
            <ReturnType type="System.Void" />
            <Parameters>
              <Parameter name="" type="System.Int32" />
            </Parameters>
          </Method>
          <Method id="m67" name="" access="internal" isBabelGenerated="true" newName="AOA=">
            <ReturnType type="System.Void" />
            <Parameters>
              <Parameter name="" type="System.Byte" />
            </Parameters>
          </Method>
          <Method id="m68" name="" access="internal" isBabelGenerated="true" newName="AeA=">
            <ReturnType type="System.Void" />
            <Parameters>
              <Parameter name="" type="System.Byte[]" />
              <Parameter name="" type="System.Int32" />
              <Parameter name="" type="System.Int32" />
            </Parameters>
          </Method>
          <Method id="m69" name="" access="internal" isBabelGenerated="true" newName="AuA=">
            <ReturnType type="System.Byte[]" />
            <Parameters>
              <Parameter name="" type="System.Int32" />
              <Parameter name="" type="System.Int32" />
            </Parameters>
          </Method>
        </Class>
      </Class>
      <Class id="c13" name="" access="assembly" isBabelGenerated="true" isSealed="true" newName="COA=" newFullName="COA=">
        <Field id="f47" name="" type="System.Random" access="private" isBabelGenerated="true" newName="AeA=" />
        <Method id="m70" name=".ctor" access="public" isBabelGenerated="true">
          <ReturnType type="System.Void" />
        </Method>
        <Method id="m71" name="CreateEncryptor" access="public" isVirtual="true" isBabelGenerated="true">
          <ReturnType type="System.Security.Cryptography.ICryptoTransform" />
          <Parameters>
            <Parameter name="key" type="System.Byte[]" newName="AOA=" />
            <Parameter name="iv" type="System.Byte[]" newName="AeA=" />
          </Parameters>
        </Method>
        <Method id="m72" name="CreateDecryptor" access="public" isVirtual="true" isBabelGenerated="true">
          <ReturnType type="System.Security.Cryptography.ICryptoTransform" />
          <Parameters>
            <Parameter name="key" type="System.Byte[]" newName="AOA=" />
            <Parameter name="iv" type="System.Byte[]" newName="AeA=" />
          </Parameters>
        </Method>
        <Method id="m73" name="GenerateIV" access="public" isVirtual="true" isBabelGenerated="true">
          <ReturnType type="System.Void" />
        </Method>
        <Method id="m74" name="GenerateKey" access="public" isVirtual="true" isBabelGenerated="true">
          <ReturnType type="System.Void" />
        </Method>
        <Method id="m75" name="TransformBlock" access="public" isVirtual="true" isNewSlot="true" isFinal="true" isBabelGenerated="true">
          <ReturnType type="System.Int32" />
          <Parameters>
            <Parameter name="inputBuffer" type="System.Byte[]" newName="AOA=" />
            <Parameter name="inputOffset" type="System.Int32" newName="AeA=" />
            <Parameter name="inputCount" type="System.Int32" newName="AuA=" />
            <Parameter name="outputBuffer" type="System.Byte[]" newName="A+A=" />
            <Parameter name="outputOffset" type="System.Int32" newName="BOA=" />
          </Parameters>
        </Method>
        <Method id="m76" name="TransformFinalBlock" access="public" isVirtual="true" isNewSlot="true" isFinal="true" isBabelGenerated="true">
          <ReturnType type="System.Byte[]" />
          <Parameters>
            <Parameter name="inputBuffer" type="System.Byte[]" newName="AOA=" />
            <Parameter name="inputOffset" type="System.Int32" newName="AeA=" />
            <Parameter name="inputCount" type="System.Int32" newName="AuA=" />
          </Parameters>
        </Method>
        <Property id="p6" name="CanReuseTransform" type="System.Boolean" isBabelGenerated="true">
          <Get id="m77" name="get_CanReuseTransform" access="public" isVirtual="true" isNewSlot="true" isFinal="true" isBabelGenerated="true">
            <ReturnType type="System.Boolean" />
          </Get>
        </Property>
        <Property id="p7" name="CanTransformMultipleBlocks" type="System.Boolean" isBabelGenerated="true">
          <Get id="m78" name="get_CanTransformMultipleBlocks" access="public" isVirtual="true" isNewSlot="true" isFinal="true" isBabelGenerated="true">
            <ReturnType type="System.Boolean" />
          </Get>
        </Property>
        <Property id="p8" name="InputBlockSize" type="System.Int32" isBabelGenerated="true">
          <Get id="m79" name="get_InputBlockSize" access="public" isVirtual="true" isNewSlot="true" isFinal="true" isBabelGenerated="true">
            <ReturnType type="System.Int32" />
          </Get>
        </Property>
        <Property id="p9" name="OutputBlockSize" type="System.Int32" isBabelGenerated="true">
          <Get id="m80" name="get_OutputBlockSize" access="public" isVirtual="true" isNewSlot="true" isFinal="true" isBabelGenerated="true">
            <ReturnType type="System.Int32" />
          </Get>
        </Property>
      </Class>
      <Class id="c14" name="" access="assembly" isBabelGenerated="true" newName="CeA=" newFullName="CeA=">
        <Method id="m81" name=".cctor" access="private" isStatic="true" isBabelGenerated="true">
          <ReturnType type="System.Void" />
        </Method>
        <Method id="m82" name="" access="public" isStatic="true" isBabelGenerated="true" newName="AOA=">
          <ReturnType type="System.IO.Stream" />
          <Parameters>
            <Parameter name="stream" type="System.IO.Stream" newName="AOA=" />
          </Parameters>
        </Method>
        <Method id="m83" name="" access="public" isStatic="true" isBabelGenerated="true" newName="AeA=">
          <ReturnType type="System.Security.Cryptography.SymmetricAlgorithm" />
          <Parameters>
            <Parameter name="typeCode" type="System.Byte" newName="AOA=" />
          </Parameters>
        </Method>
        <Method id="m84" name="" access="private" isStatic="true" isBabelGenerated="true" newName="A+A=">
          <ReturnType type="System.Security.Cryptography.SymmetricAlgorithm" />
          <Parameters>
            <Parameter name="" type="System.Byte" />
          </Parameters>
        </Method>
        <Method id="m85" name="" access="public" isStatic="true" isBabelGenerated="true" newName="BOA=">
          <ReturnType type="System.Void" />
          <Parameters>
            <Parameter name="source" type="System.IO.Stream" newName="AOA=" />
            <Parameter name="dest" type="System.IO.Stream" newName="AeA=" />
          </Parameters>
        </Method>
        <Method id="m86" name=".ctor" access="public" isBabelGenerated="true">
          <ReturnType type="System.Void" />
        </Method>
      </Class>
    </Namespace>
    <Namespace name="common">
      <Class id="c2" name="Message" access="public" newName="TQBlAHMAcwBhAGcAZQA=" newFullName="TQBlAHMAcwBhAGcAZQA=">
        <Field id="f1" name="&lt;DateTime&gt;k__BackingField" type="System.DateTime" access="private" newName="PABEAGEAdABlAFQAaQBtAGUAPgBrAF8AXwBCAGEAYwBrAGkAbgBnAEYAaQBlAGwAZAA=" />
        <Field id="f2" name="&lt;Name&gt;k__BackingField" type="System.String" access="private" newName="PABOAGEAbQBlAD4AawBfAF8AQgBhAGMAawBpAG4AZwBGAGkAZQBsAGQA" />
        <Field id="f3" name="&lt;MessageText&gt;k__BackingField" type="System.String" access="private" newName="PABNAGUAcwBzAGEAZwBlAFQAZQB4AHQAPgBrAF8AXwBCAGEAYwBrAGkAbgBnAEYAaQBlAGwAZAA=" />
        <Method id="m1" name="ToString" access="public" isVirtual="true">
          <ReturnType type="System.String" />
        </Method>
        <Method id="m2" name=".ctor" access="public">
          <ReturnType type="System.Void" />
        </Method>
        <Property id="p1" name="DateTime" type="System.DateTime" newName="RABhAHQAZQBUAGkAbQBlAA==">
          <Get id="m3" name="get_DateTime" access="public" newName="ZwBlAHQAXwBEAGEAdABlAFQAaQBtAGUA">
            <ReturnType type="System.DateTime" />
          </Get>
          <Set id="m4" name="set_DateTime" access="public" newName="cwBlAHQAXwBEAGEAdABlAFQAaQBtAGUA">
            <ReturnType type="System.Void" />
            <Parameters>
              <Parameter name="value" type="System.DateTime" />
            </Parameters>
          </Set>
        </Property>
        <Property id="p2" name="Name" type="System.String" newName="TgBhAG0AZQA=">
          <Get id="m5" name="get_Name" access="public" newName="ZwBlAHQAXwBOAGEAbQBlAA==">
            <ReturnType type="System.String" />
          </Get>
          <Set id="m6" name="set_Name" access="public" newName="cwBlAHQAXwBOAGEAbQBlAA==">
            <ReturnType type="System.Void" />
            <Parameters>
              <Parameter name="value" type="System.String" />
            </Parameters>
          </Set>
        </Property>
        <Property id="p3" name="MessageText" type="System.String" newName="TQBlAHMAcwBhAGcAZQBUAGUAeAB0AA==">
          <Get id="m7" name="get_MessageText" access="public" newName="ZwBlAHQAXwBNAGUAcwBzAGEAZwBlAFQAZQB4AHQA">
            <ReturnType type="System.String" />
          </Get>
          <Set id="m8" name="set_MessageText" access="public" newName="cwBlAHQAXwBNAGUAcwBzAGEAZwBlAFQAZQB4AHQA">
            <ReturnType type="System.Void" />
            <Parameters>
              <Parameter name="value" type="System.String" />
            </Parameters>
          </Set>
        </Property>
      </Class>
    </Namespace>
  </TargetAssembly>
</BabelMap>