﻿<?xml version="1.0" encoding="utf-8"?>
<!--
  Babel map file.
  Generated by Babel Obfuscator version: 10.5.0.0
  Copyright © 2010-2024 babelfor.NET. All rights reserved.
-->
<BabelMap version="2.5" newNameEncoding="base64">
  <TargetAssembly fullName="messageProvider, Version=1.0.0.0, Culture=neutral, PublicKeyToken=null" randomSeed="5c6026cac145397f" mvid="53d6aa68-af6f-4afc-b268-e158f3e13727" newMvid="26869220-15a6-40e7-d75e-8a2f3a9ed4dc">
    <Namespace name="">
      <Class id="c1" name="&lt;Module&gt;" access="assembly" />
      <Class id="c3" name="" access="assembly" isBabelGenerated="true" isSealed="true" newName="AOAxAA==" newFullName="AOAxAA==">
        <Field id="f3" name="" type="System.String" access="private" isStatic="true" isBabelGenerated="true" newName="AOA=" />
        <Field id="f4" name="" type="/" access="private" isStatic="true" isBabelGenerated="true" newName="AeA=" />
        <Method id="m4" name=".cctor" access="private" isStatic="true" isBabelGenerated="true">
          <ReturnType type="System.Void" />
        </Method>
        <Method id="m5" name="" access="public" isStatic="true" isBabelGenerated="true" newName="AOA=">
          <ReturnType type="System.String" />
          <Parameters>
            <Parameter name="key" type="System.Int32" newName="AOA=" />
          </Parameters>
        </Method>
        <Method id="m6" name="" access="public" isStatic="true" isBabelGenerated="true" newName="AeA=">
          <ReturnType type="System.String" />
          <Parameters>
            <Parameter name="key" type="System.Int32" newName="AOA=" />
          </Parameters>
        </Method>
        <Method id="m7" name=".ctor" access="public" isBabelGenerated="true">
          <ReturnType type="System.Void" />
        </Method>
        <Class id="c4" name="" access="private" isBabelGenerated="true" isSealed="true" newName="AOA=" newFullName="AOAxAC8AAOA=">
          <Method id="m8" name=".ctor" access="public" isBabelGenerated="true">
            <ReturnType type="System.Void" />
            <Parameters>
              <Parameter name="" type="System.Object" />
              <Parameter name="" type="System.IntPtr" />
            </Parameters>
          </Method>
          <Method id="m9" name="Invoke" access="public" isVirtual="true" isNewSlot="true" isBabelGenerated="true">
            <ReturnType type="System.String" />
            <Parameters>
              <Parameter name="" type="System.Int32" />
            </Parameters>
          </Method>
          <Method id="m10" name="BeginInvoke" access="public" isVirtual="true" isNewSlot="true" isBabelGenerated="true">
            <ReturnType type="System.IAsyncResult" />
            <Parameters>
              <Parameter name="" type="System.Int32" />
              <Parameter name="" type="System.AsyncCallback" />
              <Parameter name="" type="System.Object" />
            </Parameters>
          </Method>
          <Method id="m11" name="EndInvoke" access="public" isVirtual="true" isNewSlot="true" isBabelGenerated="true">
            <ReturnType type="System.String" />
            <Parameters>
              <Parameter name="" type="System.IAsyncResult" />
            </Parameters>
          </Method>
        </Class>
        <Class id="c5" name="" access="private" isBabelGenerated="true" isSealed="true" newName="AeA=" newFullName="AOAxAC8AAeA=">
          <Method id="m12" name="" access="public" isBabelGenerated="true" newName="AOA=">
            <ReturnType type="System.Reflection.Emit.MethodBuilder" />
            <Parameters>
              <Parameter name="" type="System.Reflection.Emit.TypeBuilder" />
            </Parameters>
          </Method>
          <Method id="m13" name="" access="public" isBabelGenerated="true" newName="AeA=">
            <ReturnType type="System.String" />
            <Parameters>
              <Parameter name="" type="System.IO.Stream" />
            </Parameters>
          </Method>
          <Method id="m14" name=".ctor" access="public" isBabelGenerated="true">
            <ReturnType type="System.Void" />
          </Method>
          <Method id="m15" name=".cctor" access="private" isStatic="true" isBabelGenerated="true">
            <ReturnType type="System.Void" />
          </Method>
        </Class>
        <Struct id="s1" name="" access="private" isBabelGenerated="true" isSealed="true" newName="AeA=" newFullName="AOAvAAHg">
          <Field id="f13" name="" type="" access="assembly" isBabelGenerated="true" newName="AOA=" />
          <Field id="f14" name="" type="System.UInt16" access="assembly" isBabelGenerated="true" newName="AeA=" />
        </Struct>
      </Class>
      <Class id="c6" name="" access="assembly" isBabelGenerated="true" newName="AuA=" newFullName="AuA=">
        <Field id="f15" name="" type="System.Int32[]" access="private" isBabelGenerated="true" newName="AOA=" />
        <Field id="f16" name="" type="System.Int32" access="private" isBabelGenerated="true" newName="AeA=" />
        <Method id="m36" name=".ctor" access="public" isBabelGenerated="true">
          <ReturnType type="System.Void" />
        </Method>
        <Method id="m37" name="" access="public" isBabelGenerated="true" newName="AOA=">
          <ReturnType type="System.Int32" />
          <Parameters>
            <Parameter name="" type="System.Int32" />
          </Parameters>
        </Method>
        <Method id="m38" name="" access="public" isBabelGenerated="true" newName="AeA=">
          <ReturnType type="System.Int32[]" />
        </Method>
        <Property id="p1" name="" type="System.Int32" isBabelGenerated="true" newName="AuA=">
          <Get id="m39" name="get_" access="public" isBabelGenerated="true" newName="ZwBlAHQAXwAC4A==">
            <ReturnType type="System.Int32" />
          </Get>
        </Property>
        <Property id="p2" name="" type="System.Int32" isBabelGenerated="true" newName="A+A=">
          <Parameters>
            <Parameter name="index" type="System.Int32" />
          </Parameters>
          <Get id="m40" name="get_" access="public" isBabelGenerated="true" newName="ZwBlAHQAXwAD4A==">
            <ReturnType type="System.Int32" />
            <Parameters>
              <Parameter name="index" type="System.Int32" />
            </Parameters>
          </Get>
        </Property>
      </Class>
      <Struct id="s2" name="" access="assembly" isBabelGenerated="true" isSealed="true" newName="A+A=" newFullName="A+A=">
        <Field id="f17" name="" type="System.Int32" access="public" isBabelGenerated="true" newName="AOA=" />
        <Field id="f18" name="" type="System.Int32" access="public" isBabelGenerated="true" newName="AeA=" />
      </Struct>
      <Class id="c7" name="" access="assembly" isBabelGenerated="true" isSealed="true" newName="BOA=" newFullName="BOA=">
        <Field id="f19" name="" type="System.Boolean" access="assembly" isBabelGenerated="true" newName="AOA=" />
        <Field id="f20" name="" type="System.UInt16" access="assembly" isBabelGenerated="true" newName="AeA=" />
        <Field id="f21" name="" type="" access="assembly" isBabelGenerated="true" newName="AuA=" />
        <Field id="f22" name="" type="" access="assembly" isBabelGenerated="true" newName="A+A=" />
        <Method id="m41" name=".ctor" access="public" isBabelGenerated="true">
          <ReturnType type="System.Void" />
        </Method>
      </Class>
      <Class id="c8" name="" access="assembly" isBabelGenerated="true" isSealed="true" newName="BeA=" newFullName="BeA=">
        <Field id="f23" name="" type="" access="assembly" isBabelGenerated="true" newName="AOA=" />
        <Field id="f24" name="" type="" access="assembly" isBabelGenerated="true" newName="AeA=" />
        <Method id="m42" name=".ctor" access="public" isBabelGenerated="true">
          <ReturnType type="System.Void" />
        </Method>
      </Class>
      <Class id="c9" name="" access="assembly" isBabelGenerated="true" isSealed="true" newName="BuA=" newFullName="BuA=">
        <Method id="m43" name="" access="public" isStatic="true" isBabelGenerated="true" newName="AOA=">
          <ReturnType type="System.Void" />
          <Parameters>
            <Parameter name="source" type="System.IO.Stream" newName="AOA=" />
            <Parameter name="destination" type="System.IO.Stream" newName="AeA=" />
          </Parameters>
        </Method>
        <Method id="m44" name=".ctor" access="public" isBabelGenerated="true">
          <ReturnType type="System.Void" />
        </Method>
        <Class id="c10" name="" access="public" isBabelGenerated="true" isSealed="true" newName="AOA=" newFullName="BuAvAADg">
          <Field id="f25" name="" type="/" access="private" isBabelGenerated="true" newName="AOA=" />
          <Field id="f26" name="" type="/" access="private" isBabelGenerated="true" newName="AeA=" />
          <Field id="f27" name="" type="" access="private" isBabelGenerated="true" newName="AuA=" />
          <Field id="f28" name="" type="System.Int32" access="private" isBabelGenerated="true" newName="A+A=" />
          <Field id="f29" name="" type="System.Int32" access="private" isBabelGenerated="true" newName="BOA=" />
          <Field id="f30" name="" type="System.Boolean" access="private" isBabelGenerated="true" newName="BeA=" />
          <Field id="f31" name="" type="System.Int32" access="private" isBabelGenerated="true" newName="BuA=" />
          <Field id="f32" name="" type="System.Int64" access="private" isBabelGenerated="true" newName="B+A=" />
          <Field id="f33" name="" type="System.Int64" access="private" isBabelGenerated="true" newName="COA=" />
          <Field id="f34" name="" type="System.Boolean" access="private" isBabelGenerated="true" newName="CeA=" />
          <Field id="f35" name="" type="System.Int32" access="private" isBabelGenerated="true" newName="CuA=" />
          <Field id="f36" name="" type="System.Boolean" access="private" isBabelGenerated="true" newName="C+A=" />
          <Method id="m45" name=".ctor" access="public" isBabelGenerated="true">
            <ReturnType type="System.Void" />
            <Parameters>
              <Parameter name="input" type="System.IO.Stream" newName="AOA=" />
            </Parameters>
          </Method>
          <Method id="m46" name="" access="public" isBabelGenerated="true" newName="AOA=">
            <ReturnType type="System.Int32" />
            <Parameters>
              <Parameter name="data" type="System.Byte[]" newName="AOA=" />
              <Parameter name="index" type="System.Int32" newName="AeA=" />
              <Parameter name="length" type="System.Int32" newName="AuA=" />
            </Parameters>
          </Method>
          <Method id="m47" name="" access="private" isBabelGenerated="true" newName="AeA=">
            <ReturnType type="System.Boolean" />
          </Method>
          <Method id="m48" name="" access="private" isBabelGenerated="true" newName="AuA=">
            <ReturnType type="System.Int32" />
            <Parameters>
              <Parameter name="" type="System.Byte[]" />
              <Parameter name="" type="System.Int32" />
              <Parameter name="" type="System.Int32" />
            </Parameters>
          </Method>
          <Method id="m49" name="" access="private" isBabelGenerated="true" newName="A+A=">
            <ReturnType type="System.Void" />
            <Parameters>
              <Parameter name="" type="System.Byte[]" />
              <Parameter name="" type="System.Int32&amp;" isRef="true" />
              <Parameter name="" type="System.Int32&amp;" isRef="true" />
            </Parameters>
          </Method>
          <Method id="m50" name="" access="public" isBabelGenerated="true" newName="BOA=">
            <ReturnType type="System.Boolean" />
            <Parameters>
              <Parameter name="count" type="System.Int32" newName="AOA=" />
            </Parameters>
          </Method>
          <Method id="m51" name="" access="public" isBabelGenerated="true" newName="BeA=">
            <ReturnType type="System.Void" />
          </Method>
          <Method id="m52" name="" access="private" isStatic="true" isBabelGenerated="true" newName="BuA=">
            <ReturnType type="System.Int32" />
            <Parameters>
              <Parameter name="" type="/" />
              <Parameter name="" type="" />
            </Parameters>
          </Method>
          <Method id="m53" name="" access="private" isStatic="true" isBabelGenerated="true" newName="B+A=">
            <ReturnType type="System.Int32" />
            <Parameters>
              <Parameter name="" type="/" />
              <Parameter name="" type="System.Int32" />
            </Parameters>
          </Method>
          <Method id="m54" name="" access="private" isStatic="true" isBabelGenerated="true" newName="COA=">
            <ReturnType type="System.Int32" />
            <Parameters>
              <Parameter name="" type="/" />
              <Parameter name="" type="" />
            </Parameters>
          </Method>
          <Method id="m55" name="" access="private" isBabelGenerated="true" newName="CeA=">
            <ReturnType type="System.Void" />
            <Parameters>
              <Parameter name="" type="/" />
              <Parameter name="" type="[]&amp;" isRef="true" isOut="true" />
              <Parameter name="" type="[]&amp;" isRef="true" isOut="true" />
            </Parameters>
          </Method>
          <Method id="m56" name="" access="private" isStatic="true" isBabelGenerated="true" newName="CuA=">
            <ReturnType type="System.Int32[]" />
            <Parameters>
              <Parameter name="" type="/" />
              <Parameter name="" type="" />
              <Parameter name="" type="System.Int32" />
            </Parameters>
          </Method>
        </Class>
        <Class id="c11" name="" access="private" isBabelGenerated="true" isSealed="true" newName="AeA=" newFullName="BuAvAAHg">
          <Field id="f37" name="" type="System.UInt32" access="private" isBabelGenerated="true" newName="AOA=" />
          <Field id="f38" name="" type="System.Int32" access="private" isBabelGenerated="true" newName="AeA=" />
          <Field id="f39" name="" type="System.Int32" access="private" isBabelGenerated="true" newName="AuA=" />
          <Field id="f40" name="" type="System.IO.Stream" access="private" isBabelGenerated="true" newName="A+A=" />
          <Field id="f41" name="" type="System.Int64" access="assembly" isBabelGenerated="true" newName="BOA=" />
          <Method id="m57" name=".ctor" access="internal" isBabelGenerated="true">
            <ReturnType type="System.Void" />
            <Parameters>
              <Parameter name="" type="System.IO.Stream" />
            </Parameters>
          </Method>
          <Method id="m58" name="" access="internal" isBabelGenerated="true" newName="AOA=">
            <ReturnType type="System.Int32" />
            <Parameters>
              <Parameter name="" type="System.Int32" />
            </Parameters>
          </Method>
          <Method id="m59" name="" access="internal" isBabelGenerated="true" newName="AeA=">
            <ReturnType type="System.Void" />
          </Method>
          <Method id="m60" name="" access="internal" isBabelGenerated="true" newName="AuA=">
            <ReturnType type="System.Void" />
            <Parameters>
              <Parameter name="" type="System.Byte[]" />
              <Parameter name="" type="System.Int32" />
              <Parameter name="" type="System.Int32" />
            </Parameters>
          </Method>
        </Class>
        <Class id="c12" name="" access="private" isBabelGenerated="true" isSealed="true" newName="AuA=" newFullName="BuAvAALg">
          <Field id="f42" name="" type="System.Byte[]" access="private" isBabelGenerated="true" newName="AOA=" />
          <Field id="f43" name="" type="System.Int32" access="private" isBabelGenerated="true" newName="AeA=" />
          <Field id="f44" name="" type="System.Int32" access="assembly" isBabelGenerated="true" newName="AuA=" />
          <Field id="f45" name="" type="System.Int64" access="assembly" isBabelGenerated="true" newName="A+A=" />
          <Method id="m61" name=".ctor" access="internal" isBabelGenerated="true">
            <ReturnType type="System.Void" />
            <Parameters>
              <Parameter name="" type="System.Int32" />
            </Parameters>
          </Method>
          <Method id="m62" name="" access="internal" isBabelGenerated="true" newName="AOA=">
            <ReturnType type="System.Void" />
            <Parameters>
              <Parameter name="" type="System.Byte" />
            </Parameters>
          </Method>
          <Method id="m63" name="" access="internal" isBabelGenerated="true" newName="AeA=">
            <ReturnType type="System.Void" />
            <Parameters>
              <Parameter name="" type="System.Byte[]" />
              <Parameter name="" type="System.Int32" />
              <Parameter name="" type="System.Int32" />
            </Parameters>
          </Method>
          <Method id="m64" name="" access="internal" isBabelGenerated="true" newName="AuA=">
            <ReturnType type="System.Byte[]" />
            <Parameters>
              <Parameter name="" type="System.Int32" />
              <Parameter name="" type="System.Int32" />
            </Parameters>
          </Method>
        </Class>
      </Class>
      <Class id="c13" name="" access="assembly" isBabelGenerated="true" isSealed="true" newName="COA=" newFullName="COA=">
        <Field id="f46" name="" type="System.Random" access="private" isBabelGenerated="true" newName="AeA=" />
        <Method id="m65" name=".ctor" access="public" isBabelGenerated="true">
          <ReturnType type="System.Void" />
        </Method>
        <Method id="m66" name="CreateEncryptor" access="public" isVirtual="true" isBabelGenerated="true">
          <ReturnType type="System.Security.Cryptography.ICryptoTransform" />
          <Parameters>
            <Parameter name="key" type="System.Byte[]" newName="AOA=" />
            <Parameter name="iv" type="System.Byte[]" newName="AeA=" />
          </Parameters>
        </Method>
        <Method id="m67" name="CreateDecryptor" access="public" isVirtual="true" isBabelGenerated="true">
          <ReturnType type="System.Security.Cryptography.ICryptoTransform" />
          <Parameters>
            <Parameter name="key" type="System.Byte[]" newName="AOA=" />
            <Parameter name="iv" type="System.Byte[]" newName="AeA=" />
          </Parameters>
        </Method>
        <Method id="m68" name="GenerateIV" access="public" isVirtual="true" isBabelGenerated="true">
          <ReturnType type="System.Void" />
        </Method>
        <Method id="m69" name="GenerateKey" access="public" isVirtual="true" isBabelGenerated="true">
          <ReturnType type="System.Void" />
        </Method>
        <Method id="m70" name="TransformBlock" access="public" isVirtual="true" isNewSlot="true" isFinal="true" isBabelGenerated="true">
          <ReturnType type="System.Int32" />
          <Parameters>
            <Parameter name="inputBuffer" type="System.Byte[]" newName="AOA=" />
            <Parameter name="inputOffset" type="System.Int32" newName="AeA=" />
            <Parameter name="inputCount" type="System.Int32" newName="AuA=" />
            <Parameter name="outputBuffer" type="System.Byte[]" newName="A+A=" />
            <Parameter name="outputOffset" type="System.Int32" newName="BOA=" />
          </Parameters>
        </Method>
        <Method id="m71" name="TransformFinalBlock" access="public" isVirtual="true" isNewSlot="true" isFinal="true" isBabelGenerated="true">
          <ReturnType type="System.Byte[]" />
          <Parameters>
            <Parameter name="inputBuffer" type="System.Byte[]" newName="AOA=" />
            <Parameter name="inputOffset" type="System.Int32" newName="AeA=" />
            <Parameter name="inputCount" type="System.Int32" newName="AuA=" />
          </Parameters>
        </Method>
        <Property id="p3" name="CanReuseTransform" type="System.Boolean" isBabelGenerated="true">
          <Get id="m72" name="get_CanReuseTransform" access="public" isVirtual="true" isNewSlot="true" isFinal="true" isBabelGenerated="true">
            <ReturnType type="System.Boolean" />
          </Get>
        </Property>
        <Property id="p4" name="CanTransformMultipleBlocks" type="System.Boolean" isBabelGenerated="true">
          <Get id="m73" name="get_CanTransformMultipleBlocks" access="public" isVirtual="true" isNewSlot="true" isFinal="true" isBabelGenerated="true">
            <ReturnType type="System.Boolean" />
          </Get>
        </Property>
        <Property id="p5" name="InputBlockSize" type="System.Int32" isBabelGenerated="true">
          <Get id="m74" name="get_InputBlockSize" access="public" isVirtual="true" isNewSlot="true" isFinal="true" isBabelGenerated="true">
            <ReturnType type="System.Int32" />
          </Get>
        </Property>
        <Property id="p6" name="OutputBlockSize" type="System.Int32" isBabelGenerated="true">
          <Get id="m75" name="get_OutputBlockSize" access="public" isVirtual="true" isNewSlot="true" isFinal="true" isBabelGenerated="true">
            <ReturnType type="System.Int32" />
          </Get>
        </Property>
      </Class>
      <Class id="c14" name="" access="assembly" isBabelGenerated="true" newName="CeA=" newFullName="CeA=">
        <Method id="m76" name=".cctor" access="private" isStatic="true" isBabelGenerated="true">
          <ReturnType type="System.Void" />
        </Method>
        <Method id="m77" name="" access="public" isStatic="true" isBabelGenerated="true" newName="AOA=">
          <ReturnType type="System.IO.Stream" />
          <Parameters>
            <Parameter name="stream" type="System.IO.Stream" newName="AOA=" />
          </Parameters>
        </Method>
        <Method id="m78" name="" access="public" isStatic="true" isBabelGenerated="true" newName="AeA=">
          <ReturnType type="System.Security.Cryptography.SymmetricAlgorithm" />
          <Parameters>
            <Parameter name="typeCode" type="System.Byte" newName="AOA=" />
          </Parameters>
        </Method>
        <Method id="m79" name="" access="private" isStatic="true" isBabelGenerated="true" newName="A+A=">
          <ReturnType type="System.Security.Cryptography.SymmetricAlgorithm" />
          <Parameters>
            <Parameter name="" type="System.Byte" />
          </Parameters>
        </Method>
        <Method id="m80" name="" access="public" isStatic="true" isBabelGenerated="true" newName="BOA=">
          <ReturnType type="System.Void" />
          <Parameters>
            <Parameter name="source" type="System.IO.Stream" newName="AOA=" />
            <Parameter name="dest" type="System.IO.Stream" newName="AeA=" />
          </Parameters>
        </Method>
        <Method id="m81" name=".ctor" access="public" isBabelGenerated="true">
          <ReturnType type="System.Void" />
        </Method>
      </Class>
    </Namespace>
    <Namespace name="messageProvider">
      <Class id="c2" name="MessagingService" access="public" newName="TQBlAHMAcwBhAGcAaQBuAGcAUwBlAHIAdgBpAGMAZQA=" newFullName="TQBlAHMAcwBhAGcAaQBuAGcAUwBlAHIAdgBpAGMAZQA=">
        <Field id="f1" name="timeProviderService" type="timeProvider.TimeProviderService" access="private" newName="dABpAG0AZQBQAHIAbwB2AGkAZABlAHIAUwBlAHIAdgBpAGMAZQA=" />
        <Field id="f2" name="Message" type="System.String" access="public" isStatic="true" newName="TQBlAHMAcwBhAGcAZQA=" />
        <Method id="m1" name=".ctor" access="public">
          <ReturnType type="System.Void" />
        </Method>
        <Method id="m2" name="GetMessage" access="public" newName="RwBlAHQATQBlAHMAcwBhAGcAZQA=">
          <ReturnType type="common.Message" />
        </Method>
        <Method id="m3" name=".cctor" access="private" isStatic="true">
          <ReturnType type="System.Void" />
        </Method>
      </Class>
    </Namespace>
  </TargetAssembly>
</BabelMap>