﻿<?xml version="1.0" encoding="utf-8"?>
<!--
  Babel map file.
  Generated by Babel Obfuscator version: 10.5.0.0
  Copyright © 2010-2024 babelfor.NET. All rights reserved.
-->
<BabelMap version="2.5" newNameEncoding="base64">
  <TargetAssembly fullName="shell, Version=1.0.0.0, Culture=neutral, PublicKeyToken=null" randomSeed="d9df52b9cb1fe469" mvid="1148cb9f-1c5e-410b-b264-e1481dc62dda" newMvid="9cde448b-90a3-223f-0239-f152d1b613f9">
    <Namespace name="">
      <Class id="c1" name="&lt;Module&gt;" access="assembly" />
      <Class id="c7" name="" access="assembly" isBabelGenerated="true" isSealed="true" newName="AOAxAA==" newFullName="AOAxAA==">
        <Field id="f8" name="" type="System.String" access="private" isStatic="true" isBabelGenerated="true" newName="AOA=" />
        <Field id="f9" name="" type="/" access="private" isStatic="true" isBabelGenerated="true" newName="AeA=" />
        <Method id="m17" name=".cctor" access="private" isStatic="true" isBabelGenerated="true">
          <ReturnType type="System.Void" />
        </Method>
        <Method id="m18" name="" access="public" isStatic="true" isBabelGenerated="true" newName="AOA=">
          <ReturnType type="System.String" />
          <Parameters>
            <Parameter name="key" type="System.Int32" newName="AOA=" />
          </Parameters>
        </Method>
        <Method id="m19" name="" access="public" isStatic="true" isBabelGenerated="true" newName="AeA=">
          <ReturnType type="System.String" />
          <Parameters>
            <Parameter name="key" type="System.Int32" newName="AOA=" />
          </Parameters>
        </Method>
        <Method id="m20" name=".ctor" access="public" isBabelGenerated="true">
          <ReturnType type="System.Void" />
        </Method>
        <Class id="c8" name="" access="private" isBabelGenerated="true" isSealed="true" newName="AOA=" newFullName="AOAxAC8AAOA=">
          <Method id="m21" name=".ctor" access="public" isBabelGenerated="true">
            <ReturnType type="System.Void" />
            <Parameters>
              <Parameter name="" type="System.Object" />
              <Parameter name="" type="System.IntPtr" />
            </Parameters>
          </Method>
          <Method id="m22" name="Invoke" access="public" isVirtual="true" isNewSlot="true" isBabelGenerated="true">
            <ReturnType type="System.String" />
            <Parameters>
              <Parameter name="" type="System.Int32" />
            </Parameters>
          </Method>
          <Method id="m23" name="BeginInvoke" access="public" isVirtual="true" isNewSlot="true" isBabelGenerated="true">
            <ReturnType type="System.IAsyncResult" />
            <Parameters>
              <Parameter name="" type="System.Int32" />
              <Parameter name="" type="System.AsyncCallback" />
              <Parameter name="" type="System.Object" />
            </Parameters>
          </Method>
          <Method id="m24" name="EndInvoke" access="public" isVirtual="true" isNewSlot="true" isBabelGenerated="true">
            <ReturnType type="System.String" />
            <Parameters>
              <Parameter name="" type="System.IAsyncResult" />
            </Parameters>
          </Method>
        </Class>
        <Class id="c9" name="" access="private" isBabelGenerated="true" isSealed="true" newName="AeA=" newFullName="AOAxAC8AAeA=">
          <Method id="m25" name="" access="public" isBabelGenerated="true" newName="AOA=">
            <ReturnType type="System.Reflection.Emit.MethodBuilder" />
            <Parameters>
              <Parameter name="" type="System.Reflection.Emit.TypeBuilder" />
            </Parameters>
          </Method>
          <Method id="m26" name="" access="public" isBabelGenerated="true" newName="AeA=">
            <ReturnType type="System.String" />
            <Parameters>
              <Parameter name="" type="System.IO.Stream" />
            </Parameters>
          </Method>
          <Method id="m27" name=".ctor" access="public" isBabelGenerated="true">
            <ReturnType type="System.Void" />
          </Method>
          <Method id="m28" name=".cctor" access="private" isStatic="true" isBabelGenerated="true">
            <ReturnType type="System.Void" />
          </Method>
        </Class>
        <Struct id="s1" name="" access="private" isBabelGenerated="true" isSealed="true" newName="AeA=" newFullName="AOAvAAHg">
          <Field id="f18" name="" type="" access="assembly" isBabelGenerated="true" newName="AOA=" />
          <Field id="f19" name="" type="System.UInt16" access="assembly" isBabelGenerated="true" newName="AeA=" />
        </Struct>
      </Class>
      <Class id="c10" name="" access="assembly" isBabelGenerated="true" newName="AuA=" newFullName="AuA=">
        <Field id="f20" name="" type="System.Int32[]" access="private" isBabelGenerated="true" newName="AOA=" />
        <Field id="f21" name="" type="System.Int32" access="private" isBabelGenerated="true" newName="AeA=" />
        <Method id="m49" name=".ctor" access="public" isBabelGenerated="true">
          <ReturnType type="System.Void" />
        </Method>
        <Method id="m50" name="" access="public" isBabelGenerated="true" newName="AOA=">
          <ReturnType type="System.Int32" />
          <Parameters>
            <Parameter name="" type="System.Int32" />
          </Parameters>
        </Method>
        <Method id="m51" name="" access="public" isBabelGenerated="true" newName="AeA=">
          <ReturnType type="System.Int32[]" />
        </Method>
        <Property id="p4" name="" type="System.Int32" isBabelGenerated="true" newName="AuA=">
          <Get id="m52" name="get_" access="public" isBabelGenerated="true" newName="ZwBlAHQAXwAC4A==">
            <ReturnType type="System.Int32" />
          </Get>
        </Property>
        <Property id="p5" name="" type="System.Int32" isBabelGenerated="true" newName="A+A=">
          <Parameters>
            <Parameter name="index" type="System.Int32" />
          </Parameters>
          <Get id="m53" name="get_" access="public" isBabelGenerated="true" newName="ZwBlAHQAXwAD4A==">
            <ReturnType type="System.Int32" />
            <Parameters>
              <Parameter name="index" type="System.Int32" />
            </Parameters>
          </Get>
        </Property>
      </Class>
      <Struct id="s2" name="" access="assembly" isBabelGenerated="true" isSealed="true" newName="A+A=" newFullName="A+A=">
        <Field id="f22" name="" type="System.Int32" access="public" isBabelGenerated="true" newName="AOA=" />
        <Field id="f23" name="" type="System.Int32" access="public" isBabelGenerated="true" newName="AeA=" />
      </Struct>
      <Class id="c11" name="" access="assembly" isBabelGenerated="true" isSealed="true" newName="BOA=" newFullName="BOA=">
        <Field id="f24" name="" type="System.Boolean" access="assembly" isBabelGenerated="true" newName="AOA=" />
        <Field id="f25" name="" type="System.UInt16" access="assembly" isBabelGenerated="true" newName="AeA=" />
        <Field id="f26" name="" type="" access="assembly" isBabelGenerated="true" newName="AuA=" />
        <Field id="f27" name="" type="" access="assembly" isBabelGenerated="true" newName="A+A=" />
        <Method id="m54" name=".ctor" access="public" isBabelGenerated="true">
          <ReturnType type="System.Void" />
        </Method>
      </Class>
      <Class id="c12" name="" access="assembly" isBabelGenerated="true" isSealed="true" newName="BeA=" newFullName="BeA=">
        <Field id="f28" name="" type="" access="assembly" isBabelGenerated="true" newName="AOA=" />
        <Field id="f29" name="" type="" access="assembly" isBabelGenerated="true" newName="AeA=" />
        <Method id="m55" name=".ctor" access="public" isBabelGenerated="true">
          <ReturnType type="System.Void" />
        </Method>
      </Class>
      <Class id="c13" name="" access="assembly" isBabelGenerated="true" isSealed="true" newName="BuA=" newFullName="BuA=">
        <Method id="m56" name="" access="public" isStatic="true" isBabelGenerated="true" newName="AOA=">
          <ReturnType type="System.Void" />
          <Parameters>
            <Parameter name="source" type="System.IO.Stream" newName="AOA=" />
            <Parameter name="destination" type="System.IO.Stream" newName="AeA=" />
          </Parameters>
        </Method>
        <Method id="m57" name=".ctor" access="public" isBabelGenerated="true">
          <ReturnType type="System.Void" />
        </Method>
        <Class id="c14" name="" access="public" isBabelGenerated="true" isSealed="true" newName="AOA=" newFullName="BuAvAADg">
          <Field id="f30" name="" type="/" access="private" isBabelGenerated="true" newName="AOA=" />
          <Field id="f31" name="" type="/" access="private" isBabelGenerated="true" newName="AeA=" />
          <Field id="f32" name="" type="" access="private" isBabelGenerated="true" newName="AuA=" />
          <Field id="f33" name="" type="System.Int32" access="private" isBabelGenerated="true" newName="A+A=" />
          <Field id="f34" name="" type="System.Int32" access="private" isBabelGenerated="true" newName="BOA=" />
          <Field id="f35" name="" type="System.Boolean" access="private" isBabelGenerated="true" newName="BeA=" />
          <Field id="f36" name="" type="System.Int32" access="private" isBabelGenerated="true" newName="BuA=" />
          <Field id="f37" name="" type="System.Int64" access="private" isBabelGenerated="true" newName="B+A=" />
          <Field id="f38" name="" type="System.Int64" access="private" isBabelGenerated="true" newName="COA=" />
          <Field id="f39" name="" type="System.Boolean" access="private" isBabelGenerated="true" newName="CeA=" />
          <Field id="f40" name="" type="System.Int32" access="private" isBabelGenerated="true" newName="CuA=" />
          <Field id="f41" name="" type="System.Boolean" access="private" isBabelGenerated="true" newName="C+A=" />
          <Method id="m58" name=".ctor" access="public" isBabelGenerated="true">
            <ReturnType type="System.Void" />
            <Parameters>
              <Parameter name="input" type="System.IO.Stream" newName="AOA=" />
            </Parameters>
          </Method>
          <Method id="m59" name="" access="public" isBabelGenerated="true" newName="AOA=">
            <ReturnType type="System.Int32" />
            <Parameters>
              <Parameter name="data" type="System.Byte[]" newName="AOA=" />
              <Parameter name="index" type="System.Int32" newName="AeA=" />
              <Parameter name="length" type="System.Int32" newName="AuA=" />
            </Parameters>
          </Method>
          <Method id="m60" name="" access="private" isBabelGenerated="true" newName="AeA=">
            <ReturnType type="System.Boolean" />
          </Method>
          <Method id="m61" name="" access="private" isBabelGenerated="true" newName="AuA=">
            <ReturnType type="System.Int32" />
            <Parameters>
              <Parameter name="" type="System.Byte[]" />
              <Parameter name="" type="System.Int32" />
              <Parameter name="" type="System.Int32" />
            </Parameters>
          </Method>
          <Method id="m62" name="" access="private" isBabelGenerated="true" newName="A+A=">
            <ReturnType type="System.Void" />
            <Parameters>
              <Parameter name="" type="System.Byte[]" />
              <Parameter name="" type="System.Int32&amp;" isRef="true" />
              <Parameter name="" type="System.Int32&amp;" isRef="true" />
            </Parameters>
          </Method>
          <Method id="m63" name="" access="public" isBabelGenerated="true" newName="BOA=">
            <ReturnType type="System.Boolean" />
            <Parameters>
              <Parameter name="count" type="System.Int32" newName="AOA=" />
            </Parameters>
          </Method>
          <Method id="m64" name="" access="public" isBabelGenerated="true" newName="BeA=">
            <ReturnType type="System.Void" />
          </Method>
          <Method id="m65" name="" access="private" isStatic="true" isBabelGenerated="true" newName="BuA=">
            <ReturnType type="System.Int32" />
            <Parameters>
              <Parameter name="" type="/" />
              <Parameter name="" type="" />
            </Parameters>
          </Method>
          <Method id="m66" name="" access="private" isStatic="true" isBabelGenerated="true" newName="B+A=">
            <ReturnType type="System.Int32" />
            <Parameters>
              <Parameter name="" type="/" />
              <Parameter name="" type="System.Int32" />
            </Parameters>
          </Method>
          <Method id="m67" name="" access="private" isStatic="true" isBabelGenerated="true" newName="COA=">
            <ReturnType type="System.Int32" />
            <Parameters>
              <Parameter name="" type="/" />
              <Parameter name="" type="" />
            </Parameters>
          </Method>
          <Method id="m68" name="" access="private" isBabelGenerated="true" newName="CeA=">
            <ReturnType type="System.Void" />
            <Parameters>
              <Parameter name="" type="/" />
              <Parameter name="" type="[]&amp;" isRef="true" isOut="true" />
              <Parameter name="" type="[]&amp;" isRef="true" isOut="true" />
            </Parameters>
          </Method>
          <Method id="m69" name="" access="private" isStatic="true" isBabelGenerated="true" newName="CuA=">
            <ReturnType type="System.Int32[]" />
            <Parameters>
              <Parameter name="" type="/" />
              <Parameter name="" type="" />
              <Parameter name="" type="System.Int32" />
            </Parameters>
          </Method>
        </Class>
        <Class id="c15" name="" access="private" isBabelGenerated="true" isSealed="true" newName="AeA=" newFullName="BuAvAAHg">
          <Field id="f42" name="" type="System.UInt32" access="private" isBabelGenerated="true" newName="AOA=" />
          <Field id="f43" name="" type="System.Int32" access="private" isBabelGenerated="true" newName="AeA=" />
          <Field id="f44" name="" type="System.Int32" access="private" isBabelGenerated="true" newName="AuA=" />
          <Field id="f45" name="" type="System.IO.Stream" access="private" isBabelGenerated="true" newName="A+A=" />
          <Field id="f46" name="" type="System.Int64" access="assembly" isBabelGenerated="true" newName="BOA=" />
          <Method id="m70" name=".ctor" access="internal" isBabelGenerated="true">
            <ReturnType type="System.Void" />
            <Parameters>
              <Parameter name="" type="System.IO.Stream" />
            </Parameters>
          </Method>
          <Method id="m71" name="" access="internal" isBabelGenerated="true" newName="AOA=">
            <ReturnType type="System.Int32" />
            <Parameters>
              <Parameter name="" type="System.Int32" />
            </Parameters>
          </Method>
          <Method id="m72" name="" access="internal" isBabelGenerated="true" newName="AeA=">
            <ReturnType type="System.Void" />
          </Method>
          <Method id="m73" name="" access="internal" isBabelGenerated="true" newName="AuA=">
            <ReturnType type="System.Void" />
            <Parameters>
              <Parameter name="" type="System.Byte[]" />
              <Parameter name="" type="System.Int32" />
              <Parameter name="" type="System.Int32" />
            </Parameters>
          </Method>
        </Class>
        <Class id="c16" name="" access="private" isBabelGenerated="true" isSealed="true" newName="AuA=" newFullName="BuAvAALg">
          <Field id="f47" name="" type="System.Byte[]" access="private" isBabelGenerated="true" newName="AOA=" />
          <Field id="f48" name="" type="System.Int32" access="private" isBabelGenerated="true" newName="AeA=" />
          <Field id="f49" name="" type="System.Int32" access="assembly" isBabelGenerated="true" newName="AuA=" />
          <Field id="f50" name="" type="System.Int64" access="assembly" isBabelGenerated="true" newName="A+A=" />
          <Method id="m74" name=".ctor" access="internal" isBabelGenerated="true">
            <ReturnType type="System.Void" />
            <Parameters>
              <Parameter name="" type="System.Int32" />
            </Parameters>
          </Method>
          <Method id="m75" name="" access="internal" isBabelGenerated="true" newName="AOA=">
            <ReturnType type="System.Void" />
            <Parameters>
              <Parameter name="" type="System.Byte" />
            </Parameters>
          </Method>
          <Method id="m76" name="" access="internal" isBabelGenerated="true" newName="AeA=">
            <ReturnType type="System.Void" />
            <Parameters>
              <Parameter name="" type="System.Byte[]" />
              <Parameter name="" type="System.Int32" />
              <Parameter name="" type="System.Int32" />
            </Parameters>
          </Method>
          <Method id="m77" name="" access="internal" isBabelGenerated="true" newName="AuA=">
            <ReturnType type="System.Byte[]" />
            <Parameters>
              <Parameter name="" type="System.Int32" />
              <Parameter name="" type="System.Int32" />
            </Parameters>
          </Method>
        </Class>
      </Class>
      <Class id="c17" name="" access="assembly" isBabelGenerated="true" isSealed="true" newName="COA=" newFullName="COA=">
        <Field id="f51" name="" type="System.Random" access="private" isBabelGenerated="true" newName="AeA=" />
        <Method id="m78" name=".ctor" access="public" isBabelGenerated="true">
          <ReturnType type="System.Void" />
        </Method>
        <Method id="m79" name="CreateEncryptor" access="public" isVirtual="true" isBabelGenerated="true">
          <ReturnType type="System.Security.Cryptography.ICryptoTransform" />
          <Parameters>
            <Parameter name="key" type="System.Byte[]" newName="AOA=" />
            <Parameter name="iv" type="System.Byte[]" newName="AeA=" />
          </Parameters>
        </Method>
        <Method id="m80" name="CreateDecryptor" access="public" isVirtual="true" isBabelGenerated="true">
          <ReturnType type="System.Security.Cryptography.ICryptoTransform" />
          <Parameters>
            <Parameter name="key" type="System.Byte[]" newName="AOA=" />
            <Parameter name="iv" type="System.Byte[]" newName="AeA=" />
          </Parameters>
        </Method>
        <Method id="m81" name="GenerateIV" access="public" isVirtual="true" isBabelGenerated="true">
          <ReturnType type="System.Void" />
        </Method>
        <Method id="m82" name="GenerateKey" access="public" isVirtual="true" isBabelGenerated="true">
          <ReturnType type="System.Void" />
        </Method>
        <Method id="m83" name="TransformBlock" access="public" isVirtual="true" isNewSlot="true" isFinal="true" isBabelGenerated="true">
          <ReturnType type="System.Int32" />
          <Parameters>
            <Parameter name="inputBuffer" type="System.Byte[]" newName="AOA=" />
            <Parameter name="inputOffset" type="System.Int32" newName="AeA=" />
            <Parameter name="inputCount" type="System.Int32" newName="AuA=" />
            <Parameter name="outputBuffer" type="System.Byte[]" newName="A+A=" />
            <Parameter name="outputOffset" type="System.Int32" newName="BOA=" />
          </Parameters>
        </Method>
        <Method id="m84" name="TransformFinalBlock" access="public" isVirtual="true" isNewSlot="true" isFinal="true" isBabelGenerated="true">
          <ReturnType type="System.Byte[]" />
          <Parameters>
            <Parameter name="inputBuffer" type="System.Byte[]" newName="AOA=" />
            <Parameter name="inputOffset" type="System.Int32" newName="AeA=" />
            <Parameter name="inputCount" type="System.Int32" newName="AuA=" />
          </Parameters>
        </Method>
        <Property id="p6" name="CanReuseTransform" type="System.Boolean" isBabelGenerated="true">
          <Get id="m85" name="get_CanReuseTransform" access="public" isVirtual="true" isNewSlot="true" isFinal="true" isBabelGenerated="true">
            <ReturnType type="System.Boolean" />
          </Get>
        </Property>
        <Property id="p7" name="CanTransformMultipleBlocks" type="System.Boolean" isBabelGenerated="true">
          <Get id="m86" name="get_CanTransformMultipleBlocks" access="public" isVirtual="true" isNewSlot="true" isFinal="true" isBabelGenerated="true">
            <ReturnType type="System.Boolean" />
          </Get>
        </Property>
        <Property id="p8" name="InputBlockSize" type="System.Int32" isBabelGenerated="true">
          <Get id="m87" name="get_InputBlockSize" access="public" isVirtual="true" isNewSlot="true" isFinal="true" isBabelGenerated="true">
            <ReturnType type="System.Int32" />
          </Get>
        </Property>
        <Property id="p9" name="OutputBlockSize" type="System.Int32" isBabelGenerated="true">
          <Get id="m88" name="get_OutputBlockSize" access="public" isVirtual="true" isNewSlot="true" isFinal="true" isBabelGenerated="true">
            <ReturnType type="System.Int32" />
          </Get>
        </Property>
      </Class>
      <Class id="c18" name="" access="assembly" isBabelGenerated="true" newName="CeA=" newFullName="CeA=">
        <Method id="m89" name=".cctor" access="private" isStatic="true" isBabelGenerated="true">
          <ReturnType type="System.Void" />
        </Method>
        <Method id="m90" name="" access="public" isStatic="true" isBabelGenerated="true" newName="AOA=">
          <ReturnType type="System.IO.Stream" />
          <Parameters>
            <Parameter name="stream" type="System.IO.Stream" newName="AOA=" />
          </Parameters>
        </Method>
        <Method id="m91" name="" access="public" isStatic="true" isBabelGenerated="true" newName="AeA=">
          <ReturnType type="System.Security.Cryptography.SymmetricAlgorithm" />
          <Parameters>
            <Parameter name="typeCode" type="System.Byte" newName="AOA=" />
          </Parameters>
        </Method>
        <Method id="m92" name="" access="private" isStatic="true" isBabelGenerated="true" newName="A+A=">
          <ReturnType type="System.Security.Cryptography.SymmetricAlgorithm" />
          <Parameters>
            <Parameter name="" type="System.Byte" />
          </Parameters>
        </Method>
        <Method id="m93" name="" access="public" isStatic="true" isBabelGenerated="true" newName="BOA=">
          <ReturnType type="System.Void" />
          <Parameters>
            <Parameter name="source" type="System.IO.Stream" newName="AOA=" />
            <Parameter name="dest" type="System.IO.Stream" newName="AeA=" />
          </Parameters>
        </Method>
        <Method id="m94" name=".ctor" access="public" isBabelGenerated="true">
          <ReturnType type="System.Void" />
        </Method>
      </Class>
    </Namespace>
    <Namespace name="shell">
      <Class id="c2" name="App" access="public" newName="QQBwAHAA" newFullName="QQBwAHAA">
        <Method id="m1" name="InitializeComponent" access="public" newName="SQBuAGkAdABpAGEAbABpAHoAZQBDAG8AbQBwAG8AbgBlAG4AdAA=">
          <ReturnType type="System.Void" />
        </Method>
        <Method id="m2" name="Main" access="public" isStatic="true">
          <ReturnType type="System.Void" />
        </Method>
        <Method id="m3" name=".ctor" access="public">
          <ReturnType type="System.Void" />
        </Method>
      </Class>
      <Class id="c3" name="MainWindow" access="public">
        <Field id="f1" name="viewModel" type="shell.MainWindowViewModel" access="private" newName="dgBpAGUAdwBNAG8AZABlAGwA" />
        <Field id="f2" name="OutPutTextBox" type="System.Windows.Controls.TextBox" access="assembly" />
        <Field id="f3" name="_contentLoaded" type="System.Boolean" access="private" newName="XwBjAG8AbgB0AGUAbgB0AEwAbwBhAGQAZQBkAA==" />
        <Method id="m4" name=".ctor" access="public">
          <ReturnType type="System.Void" />
        </Method>
        <Method id="m5" name="Button_Click" access="private" newName="QgB1AHQAdABvAG4AXwBDAGwAaQBjAGsA">
          <ReturnType type="System.Void" />
          <Parameters>
            <Parameter name="sender" type="System.Object" newName="AOA=" />
            <Parameter name="e" type="System.Windows.RoutedEventArgs" newName="AeA=" />
          </Parameters>
        </Method>
        <Method id="m6" name="InitializeComponent" access="public" isVirtual="true" isNewSlot="true" isFinal="true">
          <ReturnType type="System.Void" />
        </Method>
        <Method id="m7" name="System.Windows.Markup.IComponentConnector.Connect" access="private" isVirtual="true" isNewSlot="true" isFinal="true">
          <ReturnType type="System.Void" />
          <Parameters>
            <Parameter name="connectionId" type="System.Int32" newName="AOA=" />
            <Parameter name="target" type="System.Object" newName="AeA=" />
          </Parameters>
        </Method>
      </Class>
      <Class id="c4" name="MainWindowViewModel" access="public" newName="TQBhAGkAbgBXAGkAbgBkAG8AdwBWAGkAZQB3AE0AbwBkAGUAbAA=" newFullName="TQBhAGkAbgBXAGkAbgBkAG8AdwBWAGkAZQB3AE0AbwBkAGUAbAA=">
        <Field id="f4" name="messagingService" type="messageProvider.MessagingService" access="private" newName="bQBlAHMAcwBhAGcAaQBuAGcAUwBlAHIAdgBpAGMAZQA=" />
        <Method id="m8" name=".ctor" access="public">
          <ReturnType type="System.Void" />
        </Method>
        <Method id="m9" name="GetGreeting" access="public" newName="RwBlAHQARwByAGUAZQB0AGkAbgBnAA==">
          <ReturnType type="System.String" />
        </Method>
      </Class>
    </Namespace>
    <Namespace name="shell.Properties">
      <Class id="c5" name="Resources" access="assembly">
        <Field id="f5" name="resourceMan" type="System.Resources.ResourceManager" access="private" isStatic="true" newName="cgBlAHMAbwB1AHIAYwBlAE0AYQBuAA==" />
        <Field id="f6" name="resourceCulture" type="System.Globalization.CultureInfo" access="private" isStatic="true" newName="cgBlAHMAbwB1AHIAYwBlAEMAdQBsAHQAdQByAGUA" />
        <Method id="m10" name=".ctor" access="internal">
          <ReturnType type="System.Void" />
        </Method>
        <Property id="p1" name="ResourceManager" type="System.Resources.ResourceManager" newName="UgBlAHMAbwB1AHIAYwBlAE0AYQBuAGEAZwBlAHIA">
          <Get id="m11" name="get_ResourceManager" access="internal" isStatic="true" newName="ZwBlAHQAXwBSAGUAcwBvAHUAcgBjAGUATQBhAG4AYQBnAGUAcgA=">
            <ReturnType type="System.Resources.ResourceManager" />
          </Get>
        </Property>
        <Property id="p2" name="Culture" type="System.Globalization.CultureInfo" newName="QwB1AGwAdAB1AHIAZQA=">
          <Get id="m12" name="get_Culture" access="internal" isStatic="true" newName="ZwBlAHQAXwBDAHUAbAB0AHUAcgBlAA==">
            <ReturnType type="System.Globalization.CultureInfo" />
          </Get>
          <Set id="m13" name="set_Culture" access="internal" isStatic="true" newName="cwBlAHQAXwBDAHUAbAB0AHUAcgBlAA==">
            <ReturnType type="System.Void" />
            <Parameters>
              <Parameter name="value" type="System.Globalization.CultureInfo" />
            </Parameters>
          </Set>
        </Property>
      </Class>
      <Class id="c6" name="Settings" access="assembly" isSealed="true">
        <Field id="f7" name="defaultInstance" type="shell.Properties.Settings" access="private" isStatic="true" newName="ZABlAGYAYQB1AGwAdABJAG4AcwB0AGEAbgBjAGUA" />
        <Method id="m14" name=".ctor" access="public">
          <ReturnType type="System.Void" />
        </Method>
        <Method id="m15" name=".cctor" access="private" isStatic="true">
          <ReturnType type="System.Void" />
        </Method>
        <Property id="p3" name="Default" type="shell.Properties.Settings" newName="RABlAGYAYQB1AGwAdAA=">
          <Get id="m16" name="get_Default" access="public" isStatic="true" newName="ZwBlAHQAXwBEAGUAZgBhAHUAbAB0AA==">
            <ReturnType type="shell.Properties.Settings" />
          </Get>
        </Property>
      </Class>
    </Namespace>
  </TargetAssembly>
</BabelMap>